{"stats":{"minecraft:used":{"minecraft:oak_fence":840,"minecraft:light_blue_stained_glass_pane":28,"minecraft:writable_book":5,"minecraft:iron_bars":1245,"minecraft:light_gray_stained_glass_pane":527,"minecraft:orange_concrete":30,"minecraft:polished_blackstone":214,"minecraft:smooth_quartz_slab":165,"minecraft:red_concrete":23,"minecraft:armor_stand":2,"minecraft:dispenser":5,"minecraft:spruce_slab":1,"minecraft:redstone":11,"minecraft:ladder":14,"minecraft:oak_sign":95,"minecraft:light_gray_carpet":21,"minecraft:black_carpet":4,"minecraft:polished_basalt":1,"minecraft:spruce_planks":5,"minecraft:chest":3,"minecraft:white_terracotta":11,"minecraft:ender_chest":1,"minecraft:stone":4178,"minecraft:warped_sign":1,"minecraft:quartz_stairs":14,"minecraft:stripped_birch_wood":1,"minecraft:grass":216,"minecraft:polished_blackstone_wall":92,"minecraft:green_terracotta":984,"minecraft:spruce_leaves":1,"minecraft:orange_stained_glass":2,"minecraft:end_stone_brick_wall":6,"minecraft:dirt":44,"minecraft:anvil":69,"minecraft:white_carpet":561,"minecraft:hopper":10,"minecraft:prismarine_bricks":132,"minecraft:spruce_stairs":48,"minecraft:prismarine_brick_stairs":5,"minecraft:cobblestone_wall":19,"minecraft:jungle_slab":8,"minecraft:stone_stairs":971,"minecraft:yellow_carpet":28,"minecraft:pink_terracotta":9,"minecraft:acacia_sapling":5,"minecraft:acacia_button":2,"minecraft:jungle_trapdoor":14,"minecraft:cyan_wool":1,"minecraft:light_blue_stained_glass":2,"minecraft:oak_fence_gate":2,"minecraft:milk_bucket":1,"minecraft:polished_diorite":162,"minecraft:andesite_wall":10,"minecraft:polished_blackstone_slab":48,"minecraft:glass":14,"minecraft:brown_terracotta":1,"minecraft:sea_lantern":135,"minecraft:cyan_terracotta":188,"minecraft:bricks":89,"minecraft:yellow_stained_glass":4,"minecraft:quartz_slab":935,"minecraft:grass_block":4416,"minecraft:iron_block":49,"minecraft:jungle_fence_gate":1,"minecraft:red_wool":34,"minecraft:black_stained_glass_pane":150,"minecraft:lantern":302,"minecraft:oak_stairs":1109,"minecraft:smooth_sandstone":542,"minecraft:quartz_block":5682,"minecraft:warped_fence":7,"minecraft:acacia_slab":1431,"minecraft:polished_andesite_stairs":184,"minecraft:green_wool":10,"minecraft:polished_blackstone_brick_wall":2,"minecraft:dark_oak_wood":82,"minecraft:dark_oak_slab":44,"minecraft:gray_concrete_powder":228,"minecraft:smooth_quartz":6201,"minecraft:diorite_wall":140,"minecraft:blue_banner":11,"minecraft:stone_brick_stairs":30,"minecraft:barrel":48,"minecraft:item_frame":215,"minecraft:bamboo":5,"minecraft:repeater":5,"minecraft:bedrock":42,"minecraft:birch_button":3,"minecraft:tripwire_hook":2,"minecraft:birch_trapdoor":8,"minecraft:red_nether_brick_wall":15,"minecraft:glowstone":53,"minecraft:red_carpet":37,"minecraft:redstone_lamp":113,"minecraft:brown_carpet":15,"minecraft:iron_trapdoor":373,"minecraft:oak_sapling":59,"minecraft:white_stained_glass_pane":41,"minecraft:gold_block":23,"minecraft:stone_pressure_plate":122,"minecraft:gray_banner":6,"minecraft:acacia_planks":1016,"minecraft:observer":3,"minecraft:orange_stained_glass_pane":1,"minecraft:polished_blackstone_stairs":137,"minecraft:dark_oak_sapling":5,"minecraft:light_blue_carpet":45,"minecraft:quartz_bricks":1,"minecraft:chiseled_polished_blackstone":8,"minecraft:dark_oak_stairs":165,"minecraft:water_bucket":18,"minecraft:yellow_banner":4,"minecraft:tube_coral_fan":1,"minecraft:diorite":344,"minecraft:end_rod":29,"minecraft:dropper":1,"minecraft:light_blue_glazed_terracotta":16,"minecraft:dirt_path":1,"minecraft:prismarine_brick_slab":68,"minecraft:wither_skeleton_skull":13,"minecraft:gray_carpet":85,"minecraft:polished_andesite":3266,"minecraft:acacia_trapdoor":10,"minecraft:dark_oak_sign":1,"minecraft:lime_wool":16,"minecraft:oak_planks":169,"minecraft:polished_diorite_slab":19,"minecraft:cut_sandstone":1,"minecraft:redstone_block":18,"minecraft:composter":1,"minecraft:cauldron":1,"minecraft:beacon":5,"minecraft:smooth_quartz_stairs":295,"minecraft:oak_leaves":485,"minecraft:white_wool":87,"minecraft:diamond_block":451,"minecraft:polished_blackstone_pressure_plate":4,"minecraft:light_blue_concrete":843,"minecraft:dark_oak_trapdoor":38,"minecraft:orange_carpet":25,"minecraft:sand":1,"minecraft:light_gray_banner":19,"minecraft:yellow_terracotta":78,"minecraft:oak_slab":327,"minecraft:dark_prismarine_slab":18,"minecraft:tnt":8,"minecraft:birch_sign":15,"minecraft:yellow_concrete":7,"minecraft:acacia_leaves":224,"minecraft:dark_oak_fence_gate":15,"minecraft:light_gray_concrete_powder":30,"minecraft:blackstone_wall":114,"minecraft:note_block":4,"minecraft:stone_brick_wall":467,"minecraft:gray_concrete":27,"minecraft:painting":188,"minecraft:black_concrete_powder":1,"minecraft:dark_oak_door":9,"minecraft:mushroom_stem":5,"minecraft:redstone_torch":36,"minecraft:birch_fence":5,"minecraft:oak_log":21,"minecraft:black_terracotta":4,"minecraft:netherite_block":2,"minecraft:lever":148,"minecraft:flower_pot":9,"minecraft:black_wool":36,"minecraft:acacia_stairs":1919,"minecraft:black_concrete":387,"minecraft:diamond_shovel":50,"minecraft:daylight_detector":22,"minecraft:acacia_door":15,"minecraft:birch_slab":6,"minecraft:command_block":38,"minecraft:gray_stained_glass_pane":473,"minecraft:lime_carpet":4,"minecraft:light_gray_concrete":1748,"minecraft:barrier":10,"minecraft:string":6,"minecraft:map":43,"minecraft:stone_button":62,"minecraft:jungle_stairs":20,"minecraft:cyan_concrete":66,"minecraft:stone_slab":1611,"minecraft:red_terracotta":248,"minecraft:polished_granite":11,"minecraft:spruce_trapdoor":2143,"minecraft:iron_door":165,"minecraft:spruce_sapling":4,"minecraft:polished_andesite_slab":1082,"minecraft:yellow_wool":8,"minecraft:soul_lantern":28,"minecraft:green_carpet":2,"minecraft:diamond_sword":8,"minecraft:cobblestone":4,"minecraft:light_blue_concrete_powder":48,"minecraft:potion":14,"minecraft:cyan_stained_glass_pane":581,"minecraft:white_banner":6,"minecraft:dark_oak_fence":119,"minecraft:white_stained_glass":15,"minecraft:andesite":1017,"minecraft:chain":25,"minecraft:glass_pane":305,"minecraft:smooth_stone_slab":1259,"minecraft:repeating_command_block":6,"minecraft:polished_blackstone_button":24,"minecraft:white_concrete":447,"minecraft:gray_wool":9,"minecraft:bone_meal":143,"minecraft:smooth_stone":515,"minecraft:jukebox":1,"minecraft:splash_potion":3,"minecraft:birch_stairs":6},"minecraft:dropped":{"minecraft:gray_stained_glass_pane":1,"minecraft:polished_blackstone":1,"minecraft:oak_fence":2,"minecraft:cookie":1,"minecraft:red_wool":1,"minecraft:command_block":64,"minecraft:grass_block":3,"minecraft:polished_andesite":1,"minecraft:polished_blackstone_stairs":1,"minecraft:item_frame":2,"minecraft:redstone_lamp":1,"minecraft:dirt":2,"minecraft:dark_oak_fence":1,"minecraft:wooden_axe":3,"minecraft:smooth_quartz":3,"minecraft:iron_door":1,"minecraft:oak_stairs":1,"minecraft:smooth_stone":1,"minecraft:gray_carpet":2,"minecraft:polished_diorite":1,"minecraft:note_block":5,"minecraft:chiseled_polished_blackstone":1,"minecraft:anvil":1,"minecraft:green_terracotta":1,"minecraft:smooth_stone_slab":2,"minecraft:yellow_wool":1,"minecraft:lime_wool":1,"minecraft:yellow_stained_glass":1,"minecraft:light_blue_concrete":2,"minecraft:filled_map":26,"minecraft:stone":2,"minecraft:gray_concrete_powder":2,"minecraft:painting":1,"minecraft:glass":1,"minecraft:orange_stained_glass_pane":2,"minecraft:white_stained_glass":2},"minecraft:custom":{"minecraft:inspect_dropper":3,"minecraft:interact_with_anvil":5,"minecraft:mob_kills":3,"minecraft:open_barrel":2,"minecraft:leave_game":29,"minecraft:time_since_death":2852493,"minecraft:climb_one_cm":3412,"minecraft:sprint_one_cm":1269870,"minecraft:walk_one_cm":3541203,"minecraft:drop":81,"minecraft:play_time":2852493,"minecraft:sneak_time":90155,"minecraft:walk_under_water_one_cm":111,"minecraft:jump":4949,"minecraft:walk_on_water_one_cm":5390,"minecraft:total_world_time":10493,"minecraft:pot_flower":5,"minecraft:time_since_rest":2852493,"minecraft:open_enderchest":1,"minecraft:damage_dealt":750,"minecraft:interact_with_beacon":14,"minecraft:fly_one_cm":24287908,"minecraft:open_chest":20,"minecraft:crouch_one_cm":84343},"minecraft:picked_up":{"minecraft:wooden_axe":3,"minecraft:light_blue_concrete":2,"minecraft:anvil":1,"minecraft:redstone_lamp":1,"minecraft:lead":1,"minecraft:orange_stained_glass_pane":1,"minecraft:item_frame":11,"minecraft:white_carpet":24,"minecraft:oak_sign":1,"minecraft:smooth_stone":1,"minecraft:smooth_quartz":2,"minecraft:stick":1,"minecraft:stone":2,"minecraft:note_block":3,"minecraft:redstone":1,"minecraft:green_terracotta":1,"minecraft:stone_pressure_plate":1,"minecraft:brown_carpet":2,"minecraft:gray_stained_glass_pane":1,"minecraft:command_block":64,"minecraft:iron_door":9,"minecraft:tripwire_hook":1,"minecraft:orange_carpet":2,"minecraft:leather":3,"minecraft:filled_map":1,"minecraft:dirt":363,"minecraft:gray_carpet":48,"minecraft:wheat_seeds":163,"minecraft:polished_andesite":1,"minecraft:polished_diorite":1,"minecraft:polished_blackstone_pressure_plate":1,"minecraft:lever":8,"minecraft:light_blue_carpet":3,"minecraft:painting":2},"minecraft:killed":{"minecraft:wandering_trader":1,"minecraft:trader_llama":2},"minecraft:mined":{"minecraft:grass_block":50}},"DataVersion":2865}