{"stats":{"minecraft:picked_up":{"minecraft:note_block":9},"minecraft:custom":{"minecraft:jump":190,"minecraft:time_since_rest":23716,"minecraft:inspect_hopper":1,"minecraft:leave_game":1,"minecraft:crouch_one_cm":379,"minecraft:play_one_minute":23716,"minecraft:inspect_dropper":2,"minecraft:damage_taken":180,"minecraft:sprint_one_cm":72731,"minecraft:walk_on_water_one_cm":375,"minecraft:time_since_death":23716,"minecraft:walk_one_cm":108574,"minecraft:sneak_time":405,"minecraft:climb_one_cm":424,"minecraft:walk_under_water_one_cm":396,"minecraft:drop":7,"minecraft:fall_one_cm":2655,"minecraft:fly_one_cm":109123},"minecraft:dropped":{"minecraft:note_block":7}},"DataVersion":2580}