{"stats":{"minecraft:dropped":{"minecraft:filled_map":2,"minecraft:pink_stained_glass":1,"minecraft:milk_bucket":1,"minecraft:stone_button":1,"minecraft:smooth_stone":1,"minecraft:white_stained_glass":2,"minecraft:redstone":1},"minecraft:custom":{"minecraft:time_since_rest":647612,"minecraft:sprint_one_cm":939702,"minecraft:damage_taken":280,"minecraft:walk_one_cm":3171207,"minecraft:drop":9,"minecraft:play_record":1,"minecraft:interact_with_beacon":6,"minecraft:fly_one_cm":5634823,"minecraft:open_barrel":1,"minecraft:open_chest":4,"minecraft:fill_cauldron":15,"minecraft:crouch_one_cm":51080,"minecraft:play_one_minute":1154226,"minecraft:deaths":1,"minecraft:sneak_time":21539,"minecraft:jump":3553,"minecraft:leave_game":5,"minecraft:walk_on_water_one_cm":10,"minecraft:time_since_death":647579,"minecraft:inspect_dispenser":2},"minecraft:picked_up":{"minecraft:dark_oak_button":1,"minecraft:azure_bluet":1,"minecraft:iron_trapdoor":1,"minecraft:iron_door":3,"minecraft:orange_carpet":120,"minecraft:stone_button":7,"minecraft:stone_pressure_plate":1,"minecraft:item_frame":1,"minecraft:music_disc_mall":1,"minecraft:red_carpet":2,"minecraft:oak_sign":1,"minecraft:white_concrete_powder":36,"minecraft:diamond":1,"minecraft:gray_banner":3,"minecraft:lever":3,"minecraft:painting":3,"minecraft:birch_sign":6,"minecraft:bone_meal":557,"minecraft:poppy":1},"minecraft:used":{"minecraft:lever":1,"minecraft:cyan_terracotta":105,"minecraft:black_stained_glass_pane":5,"minecraft:redstone":4,"minecraft:map":13,"minecraft:stone_button":6,"minecraft:iron_door":1,"minecraft:item_frame":2,"minecraft:orange_carpet":221,"minecraft:oak_sapling":1,"minecraft:birch_sign":27,"minecraft:gray_banner":7,"minecraft:air":11654,"minecraft:painting":20,"minecraft:bone_meal":142,"minecraft:milk_bucket":1}},"DataVersion":1963}